Genre(s),Name,Release Date,Rating ,Platform(s),Theme(s),Developer(s),Player Perspective,Game Mode(s)
"Strategy, Indie, Card & Board Game",Slay the Spire II,2026/3/4,9.8,"Linux, Mac, PC (Microsoft Windows)",Fantasy,Mega Crit Games,Side view,"Single player,Multiplayer, Co-operative"
"Shooter, Role-playing (RPG), Adventure, Indie, Arcade",The Binding of Isaac: Repentance,2021/3/30,9.4,"PC (Microsoft Windows), PlayStation 4, PlayStation 5, Xbox One, Xbox Series X|S","Action, Fantasy, Horror, Comedy",Edmund McMillen,Bird view / Isometric,"Single player,Multiplayer, Co-operative"
"Role-playing (RPG), Hack and slash/Beat 'em up, Adventure, Indie",Hades,2020/9/16,8.9,"iOS, Mac, Nintendo Switch, PC (Microsoft Windows), PlayStation 4, PlayStation 5, Xbox One, Xbox Series X|S","Action, Fantasy, Drama",Supergiant Games,Bird view / Isometric,Single player
"Role-playing (RPG), Strategy, Turn-based strategy (TBS), Tactical, Adventure, Indie",Darkest Dungeon II,2023/5/7,8.7,"Mac, Nintendo Switch, PC (Microsoft Windows), PlayStation 4, PlayStation 5, Xbox One, Xbox Series X|S","Fantasy,Horror,Historical,Mystery",Red Hook Studios,Side view,Single player
"Platform, Adventure, Indie",Spelunky,2012/7/3,8.7,"Nintendo Switch, PC (Microsoft Windows), PlayStation 3, PlayStation 4, PlayStation Vita, Xbox 360","Action,Fantasy,Survival","BlitWorks,Mossmouth",Side view,"Single player, Multiplayer ,Co-operative"
"Simulator, Strategy, Turn-based strategy (TBS), Indie",Gnomoria,2016/2/22,8.7,"Linux, Mac, PC (Microsoft Windows)","Fantasy,Survival,Sandbox",Robotronic Games,Bird view / Isometric,Single player
"Puzzle, Role-playing (RPG), Strategy, Adventure, Indie, Arcade",Peglin,2024/8/26,8.6,"Android, iOS, Mac, Nintendo Switch, PC (Microsoft Windows), PlayStation 4, PlayStation 5, Xbox One, Xbox Series X|S",Fantasy,Red Nexus Games Inc.,Side view,Single player
"Role-playing (RPG), Strategy, Turn-based strategy (TBS), Indie",Slice & Dice,2021/7/12,8.5,"Android, iOS, Mac, PC (Microsoft Windows)",Fantasy,tann,Third Person,Single player
"Role-playing (RPG), Hack and slash/Beat 'em up",Diablo II: Lord of Destruction,2001/6/26,8.9,"Mac, PC (Microsoft Windows) Expansion Diablo II","Action,Fantasy,Horror",Blizzard North,Bird view / Isometric,"Single player,Multiplayer, Co-operative"
"Role-playing (RPG), Hack and slash/Beat 'em up, Adventure",Ravenswatch,2024/9/25,8.9,"Nintendo Switch, PC (Microsoft Windows), PlayStation 4, PlayStation 5, Xbox One, Xbox Series X|S",Action,Passtech Games,Bird view / Isometric,"Single player, Multiplayer ,Co-operative"
"Role-playing (RPG), Adventure, Indie",Lost in Random: The Eternal Die,,8.8,"Nintendo Switch, PC (Microsoft Windows), PlayStation 5, Xbox Series X|S","Action,Fantasy",Thunderful Publishing Stormteller Games,Bird view / Isometric,Single player
"Platform, Adventure, Indie",Dead Cells,2018/8/5,8.3,"Android, iOS, Linux, Mac, Nintendo Switch, PC (Microsoft Windows), PlayStation 4, PlayStation 5, Xbox One","Action,Fantasy",Motion Twin Evil Empire,Side view,Single player
"Role-playing (RPG), Simulator, Strategy, Indie",FTL: Faster Than Light,2012/9/13,8.4,"iOS, Linux, Mac, PC (Microsoft Windows)",Science fiction,Subset Games,Bird view / Isometric,Single player
Shooter,Returnal,2021/4/29,8.3,"PC (Microsoft Windows), PlayStation 5","Action, Science fiction ,Horror",Housemarque,"First person, Third person","Single player, Multiplayer ,Co-operative"
"Role-playing (RPG), Strategy, Turn-based strategy (TBS), Tactical, Adventure, Indie",Darkest Dungeon,2016/1/18,8.2,"iOS, Linux, Mac, Nintendo Switch, PC (Microsoft Windows), PlayStation 4, PlayStation Vita, Xbox One","Fantasy,Horror,Historical,Mystery",Red Hook Studios,Side view,Single player
"Hack and slash/Beat 'em up, Indie",Leap of Fate,2016/3/29,8.0 ,"PC (Microsoft Windows), PlayStation 4",Action,Clever Plays Studio,Bird view / Isometric,Single player
"Role-playing (RPG), Indie",Siralim,2015/4/23,8.0 ,"Linux, Mac, PC (Microsoft Windows), PlayStation 4, PlayStation Vita",Fantasy,Thylacine Studios LLC,Bird view / Isometric,Single player
"Platform, Role-playing (RPG), Adventure, Indie",TowerClimb,2015/9/21,8.0 ,PC (Microsoft Windows),Action,Davioware and Quazi,Side view,"Single player, Multiplayer "
"Shooter, Role-playing (RPG), Indie",Deathstate,2015/10/18,8.0 ,"Mac, PC (Microsoft Windows), PlayStation 4","Action,Science fiction",Bread Machine Games,Side view,Single player
"Simulator, Strategy, Adventure, Indie",We Need to Go Deeper,2017/2/7,8.0 ,"Mac, Nintendo Switch, PC (Microsoft Windows)","Action ,Science fiction, Survival, Party",Deli Interactive LLC,Side view,"Single player, Multiplayer ,Co-operative"
"Adventure, Indie",TumbleSeed,2017/5/1,8.0 ,"Mac, Nintendo Switch, PC (Microsoft Windows), PlayStation 4",Action,Team TumbleSeed,Side view,Single player
"Role-playing (RPG), Strategy, Adventure, Indie",Siralim 2,2016/8/11,8.0 ,"iOS, Linux, Mac, PC (Microsoft Windows), PlayStation 4, PlayStation Vita",Fantasy,Thylacine Studios LLC,Bird view / Isometric,Single player
"Role-playing (RPG), Strategy, Adventure, Indie",Wayward,2016/4/21,8.0 ,"Linux, Mac, PC (Microsoft Windows)"," Fantasy, Survival, Sandbox, Open world",Unlok,Bird view / Isometric,"Single player, Multiplayer ,Co-operative"
Adventure,The Consuming Shadow,2015/11/19,8.0 ,PC (Microsoft Windows),Horror,Ben Yahtzee Croshaw,"Side view, Text",Single player
"Role-playing (RPG), Strategy, Indie",Overfall,2016/5/16,8.0 ,"Linux, Mac, PC (Microsoft Windows)",Fantasy,Gathering Tree,Bird view / Isometric,Single player
"Shooter, Role-playing (RPG), Adventure, Indie, Arcade",The Binding of Isaac,2011/9/27,7.9,"Mac, PC (Microsoft Windows)","Action,Horror,Comedy,Drama",Edmund McMillen Florian Himsl,Bird view / Isometric,Single player
"Shooter, Real Time Strategy (RTS), Role-playing (RPG), Indie, Arcade",NeuroVoider,2016/8/30,7.9,"Linux, Mac, Nintendo Switch, PC (Microsoft Windows), PlayStation 4, PlayStation Vita, Xbox One","Action ,Science fiction",Flying Oak Games,Bird view / Isometric,"Single player, Multiplayer ,Co-operative"
"Role-playing (RPG), Turn-based strategy (TBS), Indie",NEO Scavenger,2014/12/14,7.8,"Linux, Mac, PC (Microsoft Windows)","Science fiction ,Survival",Blue Bottle Games,Bird view / Isometric,Single player
"Tactical, Indie, Arcade",Dome Keeper,2022/9/26,7.8,"Linux, Mac, PC (Microsoft Windows), Web browser, Xbox Series X|S"," Action ,Science fiction ,Survival",Bippinbits,Side view,Single player
"Role-playing (RPG), Tactical, Adventure, Indie",Tales of Maj'Eyal,2012/12/30,7.8,"Linux, Mac, PC (Microsoft Windows)"," Fantasy, Open world",Netcore Games,Bird view / Isometric,Single player
"Simulator, Adventure, Indie",Don't Starve,2013/4/22,7.6,"Linux, Mac, Nintendo Switch, PC (Microsoft Windows), PlayStation 4, Xbox One","Action ,Fantasy ,Horror, Survival, Sandbox, Open world",Klei Entertainment,Bird view / Isometric,Single player
"Shooter, Platform, Role-playing (RPG), Hack and slash/Beat 'em up, Adventure, Indie",Risk of Rain,2013/11/7,7.7,"Linux, Mac, Nintendo Switch, PC (Microsoft Windows), PlayStation 4, PlayStation Vita, Xbox One","Action ,Fantasy, Science fiction ,Survival",Hopoo Games Code Mystics,Side view,"Single player, Multiplayer ,Co-operative"
Strategy,Mystery Dungeon: Shiren the Wanderer,2006/12/13,7.7,Nintendo DS,Mystery Dungeon,Chunsoft,Bird view / Isometric,Single player
"Role-playing (RPG), Strategy, Adventure",Rogue,1980/12/30,7.8,"Amiga, Amstrad CPC, Atari 8-bit, Atari ST/STE, Commodore C64/128/MAX, DOS, Mac, PC (Microsoft Windows), PC-8800 Series, PDP-11, TRS-80 Color Computer, ZX Spectrum",Fantasy,Artificial Intelligence Design,"Bird view / Isometric, text",Single player
"Role-playing (RPG), Turn-based strategy (TBS), Tactical, Indie",Sword of the Stars: The Pit,2013/2/21,7.8,"Linux, Mac, PC (Microsoft Windows)","Action ,Science fiction ,Survival",Kerberos Productions,Bird view / Isometric,Single player
"Strategy, Turn-based strategy (TBS), Tactical, Indie",Backpack Battles,2025/6/12,7.7,"Linux, PC (Microsoft Windows)",Fantasy,PlayWithFurcifer,Side view,"Single player, Multiplayer "
"Fighting, Shooter, Simulator, Indie",Everspace,2017/5/24,7.2,"Google Stadia, Linux, Mac, PC (Microsoft Windows), PlayStation 4, SteamVR, Xbox One","Action ,Science fiction",ROCKFISH Games,"First person, Third person, Virtual Reality",Single player
"Role-playing (RPG), Strategy, Turn-based strategy (TBS), Hack and slash/Beat 'em up, Adventure, Indie, Card & Board Game",Hand of Fate,2015/2/16,7.1,"Linux, Mac, PC (Microsoft Windows), PlayStation 4, Xbox One","Action,Fantasy,Historical",Defiant Development,Third Person,Single player
"Role-playing (RPG), Simulator, Hack and slash/Beat 'em up, Adventure, Indie",Moonlighter,2018/5/28,7.1,"Android, Google Stadia, iOS, Linux, Mac, Nintendo Switch, PC (Microsoft Windows), PlayStation 4, Xbox One","Action,Fantasy,Business",Digital Sun Games,Bird view / Isometric,Single player
"Shooter, Role-playing (RPG), Adventure, Indie, Arcade",A Wizard's Lizard,2014/1/21,7.0 ,"Mac, PC (Microsoft Windows)","Action,Fantasy,Historical",Lost Decade Games,Bird view / Isometric,Single player
"Role-playing (RPG), Adventure, Indie",StarCrawlers,2017/5/22,7.0 ,"Linux, Mac, PC (Microsoft Windows)",Science fiction,Juggernaut Games,First person,Single player
"Role-playing (RPG), Strategy, Adventure, Indie",Rogue Fable III,2018/12/27,7.0 ,"Mac, PC (Microsoft Windows)",,,Bird view / Isometric,Single player
"Platform, Simulator, Strategy, Adventure, Indie",Adios Amigos,2018/9/11,7.0 ,"PC (Microsoft Windows), Xbox One","Action, Science fiction ,Kids",Cosmic Picnic,Side view," Single player ,Multiplayer, Co-operative ,Split screen"
"Platform, Role-playing (RPG), Adventure, Indie",Rising Hell,2021/5/18,7.0 ,"Nintendo Switch, PC (Microsoft Windows), PlayStation 4, Xbox One","Action,Fantasy","Tahoe Games, Toge Productions",Side view,Single player
"Role-playing (RPG), Turn-based strategy (TBS), Adventure, Indie, Visual Novel",Touhou Genso Wanderer Reloaded,2016/12/21,7.0 ,"Nintendo Switch, PC (Microsoft Windows), PlayStation 4, PlayStation Vita","Action ,Fantasy",AQUA STYLE,Bird view / Isometric,Single player
"Platform, Puzzle, Role-playing (RPG), Adventure, Indie",Rogue Legacy,2013/6/26,7.6,"Linux, Mac, Nintendo Switch, PC (Microsoft Windows), PlayStation 3, PlayStation 4, PlayStation Vita, Xbox One","Action,Fantasy,Comedy","Abstraction Games, Cellar Door Games",Side view,Single player
"Shooter, Platform, Adventure, Indie, Arcade",Downwell,2015/10/13,7.6,"Android, iOS, Nintendo Switch, PC (Microsoft Windows), PlayStation 4, PlayStation Vita","Action ,Fantasy, Science fiction",Moppin,Side view,Single player
"Adventure, Indie",The Flame in the Flood,2016/2/23,7.5,"Mac, Nintendo Switch, PC (Microsoft Windows), PlayStation 4, Xbox One","Action,Survival",The Molasses Flood,Third Person,Single player
"Simulator, Adventure, Indie",Pacific Drive,2024/2/21,7.5,"PC (Microsoft Windows), PlayStation 5, Xbox Series X|S"," Action ,Science fiction, Survival, Mystery",Ironwood Studios,Third Person,Single player
"Role-playing (RPG), Hack and slash/Beat 'em up, Adventure, Indie",Hero Siege,2014/1/28,7.3,"Android, iOS, Linux, Mac, PC (Microsoft Windows)","Action,Fantasy,Historical",Panic Art Studios,Bird view / Isometric," Single player ,Multiplayer, Co-operative, Massively Multiplayer Online (MMO)"
